seq	page	index	width	height	file
1	1	2	226	249	p01_i02_226x249.jpg
2	1	3	226	249	p01_i03_226x249.png
3	1	4	233	317	p01_i04_233x317.jpg
4	1	5	233	317	p01_i05_233x317.png
5	1	6	155	216	p01_i06_155x216.jpg
6	1	7	155	216	p01_i07_155x216.png
7	1	10	361	396	p01_i10_361x396.jpg
8	1	11	361	396	p01_i11_361x396.png
9	1	12	175	564	p01_i12_175x564.jpg
10	1	13	625	625	p01_i13_625x625.jpg
11	1	14	625	625	p01_i14_625x625.png
12	2	1	1800	1200	p02_i01_1800x1200.jpg
13	2	2	1800	1201	p02_i02_1800x1201.jpg
14	3	1	1800	1200	p03_i01_1800x1200.jpg
15	3	2	1800	1200	p03_i02_1800x1200.jpg
16	4	1	1800	1200	p04_i01_1800x1200.jpg
17	4	4	1800	1200	p04_i04_1800x1200.jpg
18	5	1	1800	1200	p05_i01_1800x1200.jpg
19	5	4	1800	1200	p05_i04_1800x1200.jpg
20	6	1	1800	1200	p06_i01_1800x1200.jpg
21	6	4	1800	1200	p06_i04_1800x1200.jpg
22	7	1	1800	1200	p07_i01_1800x1200.jpg
23	7	2	1800	1200	p07_i02_1800x1200.jpg
24	8	1	1800	1200	p08_i01_1800x1200.jpg
25	8	2	1800	1200	p08_i02_1800x1200.jpg
26	9	1	1800	1200	p09_i01_1800x1200.jpg
27	9	2	1800	1200	p09_i02_1800x1200.jpg
28	10	1	1800	1200	p10_i01_1800x1200.jpg
29	10	2	1800	1200	p10_i02_1800x1200.jpg
30	11	1	1800	1200	p11_i01_1800x1200.jpg
31	11	2	1800	1200	p11_i02_1800x1200.jpg
32	12	1	1800	1200	p12_i01_1800x1200.jpg
33	12	2	1800	1200	p12_i02_1800x1200.jpg
34	13	1	1800	1200	p13_i01_1800x1200.jpg
35	13	2	1800	1200	p13_i02_1800x1200.jpg
36	14	1	1800	1200	p14_i01_1800x1200.jpg
37	14	2	153	157	p14_i02_153x157.png
38	14	4	1800	1200	p14_i04_1800x1200.jpg
39	15	1	1800	1200	p15_i01_1800x1200.jpg
40	15	2	165	191	p15_i02_165x191.png
41	15	3	163	175	p15_i03_163x175.png
42	15	4	1800	1200	p15_i04_1800x1200.jpg
43	15	5	178	162	p15_i05_178x162.png
44	15	6	175	159	p15_i06_175x159.png
45	16	1	1800	1200	p16_i01_1800x1200.jpg
46	16	4	1800	1200	p16_i04_1800x1200.jpg
47	17	1	1800	1200	p17_i01_1800x1200.jpg
48	17	2	149	142	p17_i02_149x142.png
49	17	3	149	158	p17_i03_149x158.png
50	17	4	1800	1200	p17_i04_1800x1200.jpg
51	17	6	145	158	p17_i06_145x158.png
52	18	1	1800	1200	p18_i01_1800x1200.jpg
53	18	2	161	146	p18_i02_161x146.png
54	18	3	180	167	p18_i03_180x167.png
55	18	4	1800	1200	p18_i04_1800x1200.jpg
56	18	5	149	158	p18_i05_149x158.png
57	18	6	149	158	p18_i06_149x158.png
58	18	7	163	169	p18_i07_163x169.png
59	19	1	1800	1200	p19_i01_1800x1200.jpg
60	19	2	173	180	p19_i02_173x180.png
61	19	3	158	143	p19_i03_158x143.png
62	19	4	1800	1200	p19_i04_1800x1200.jpg
63	19	6	155	154	p19_i06_155x154.png
64	20	1	1800	1200	p20_i01_1800x1200.jpg
65	20	2	187	170	p20_i02_187x170.png
66	20	3	251	168	p20_i03_251x168.png
67	20	4	1800	1200	p20_i04_1800x1200.jpg
68	20	5	152	144	p20_i05_152x144.png
69	20	6	148	150	p20_i06_148x150.png
70	21	1	1800	1200	p21_i01_1800x1200.jpg
71	21	2	277	167	p21_i02_277x167.png
72	21	3	171	188	p21_i03_171x188.png
73	21	4	1800	1200	p21_i04_1800x1200.jpg
74	21	5	197	206	p21_i05_197x206.jpg
75	21	6	162	160	p21_i06_162x160.png
76	22	1	1800	1200	p22_i01_1800x1200.jpg
77	22	3	147	171	p22_i03_147x171.png
78	22	4	1800	1200	p22_i04_1800x1200.jpg
79	22	5	170	224	p22_i05_170x224.png
80	22	6	164	154	p22_i06_164x154.png
81	23	1	1800	1200	p23_i01_1800x1200.jpg
82	23	3	153	159	p23_i03_153x159.png
83	23	4	1800	1200	p23_i04_1800x1200.jpg
84	23	5	182	144	p23_i05_182x144.png
85	23	6	205	169	p23_i06_205x169.png
86	24	1	1800	1200	p24_i01_1800x1200.jpg
87	24	2	162	161	p24_i02_162x161.png
88	24	3	153	160	p24_i03_153x160.png
89	24	4	1800	1200	p24_i04_1800x1200.jpg
90	24	6	161	159	p24_i06_161x159.png
91	25	1	1800	1200	p25_i01_1800x1200.jpg
92	25	2	173	168	p25_i02_173x168.png
93	25	3	148	144	p25_i03_148x144.png
94	25	4	1800	1200	p25_i04_1800x1200.jpg
95	25	7	204	158	p25_i07_204x158.png
96	26	1	1800	1200	p26_i01_1800x1200.jpg
97	26	2	1800	1200	p26_i02_1800x1200.jpg
98	26	3	161	144	p26_i03_161x144.png
99	27	1	1800	1200	p27_i01_1800x1200.jpg
100	27	2	141	156	p27_i02_141x156.png
101	27	3	164	154	p27_i03_164x154.png
102	27	4	1800	1200	p27_i04_1800x1200.jpg
103	27	5	174	152	p27_i05_174x152.jpg
104	27	6	168	159	p27_i06_168x159.jpg
105	28	1	1800	1200	p28_i01_1800x1200.jpg
106	28	2	162	160	p28_i02_162x160.png
107	28	4	1800	1200	p28_i04_1800x1200.jpg
108	28	6	145	168	p28_i06_145x168.png
109	29	1	1800	1200	p29_i01_1800x1200.jpg
110	29	2	189	160	p29_i02_189x160.png
111	29	3	167	180	p29_i03_167x180.png
112	29	4	1800	1200	p29_i04_1800x1200.jpg
113	29	5	185	150	p29_i05_185x150.png
114	29	6	181	165	p29_i06_181x165.png
115	30	1	1800	1200	p30_i01_1800x1200.jpg
116	30	2	175	164	p30_i02_175x164.jpg
117	30	3	177	170	p30_i03_177x170.png
118	30	4	1800	1200	p30_i04_1800x1200.jpg
119	31	1	1800	1200	p31_i01_1800x1200.jpg
120	31	2	150	142	p31_i02_150x142.png
121	31	3	206	188	p31_i03_206x188.png
122	31	4	1800	1200	p31_i04_1800x1200.jpg
123	31	5	186	164	p31_i05_186x164.png
124	31	6	255	166	p31_i06_255x166.png
125	32	1	1800	1200	p32_i01_1800x1200.jpg
126	32	2	177	160	p32_i02_177x160.png
127	32	3	200	150	p32_i03_200x150.png
128	32	4	1800	1200	p32_i04_1800x1200.jpg
129	32	5	207	164	p32_i05_207x164.jpg
130	32	6	216	157	p32_i06_216x157.png
131	33	1	1800	1200	p33_i01_1800x1200.jpg
132	33	2	185	185	p33_i02_185x185.png
133	33	3	206	153	p33_i03_206x153.png
134	33	4	1800	1200	p33_i04_1800x1200.jpg
135	33	5	176	172	p33_i05_176x172.png
136	33	6	171	149	p33_i06_171x149.png
137	34	1	1800	1200	p34_i01_1800x1200.jpg
138	34	2	142	156	p34_i02_142x156.png
139	34	3	157	153	p34_i03_157x153.png
140	34	4	1800	1200	p34_i04_1800x1200.jpg
141	34	5	160	144	p34_i05_160x144.png
142	34	6	155	143	p34_i06_155x143.png
143	35	1	1800	1200	p35_i01_1800x1200.jpg
144	35	2	150	150	p35_i02_150x150.png
145	35	3	160	161	p35_i03_160x161.png
146	35	4	1800	1200	p35_i04_1800x1200.jpg
147	35	5	181	168	p35_i05_181x168.png
148	35	6	213	153	p35_i06_213x153.png
149	36	1	1800	1200	p36_i01_1800x1200.jpg
150	36	2	256	167	p36_i02_256x167.png
151	36	3	231	159	p36_i03_231x159.png
152	36	4	1800	1200	p36_i04_1800x1200.jpg
153	36	5	186	156	p36_i05_186x156.png
154	36	6	164	168	p36_i06_164x168.png
155	37	1	1800	1200	p37_i01_1800x1200.jpg
156	37	2	151	160	p37_i02_151x160.jpg
157	37	3	183	157	p37_i03_183x157.png
158	37	4	1800	1200	p37_i04_1800x1200.jpg
159	37	5	193	180	p37_i05_193x180.png
160	37	6	160	155	p37_i06_160x155.png
161	38	1	1800	1200	p38_i01_1800x1200.jpg
162	38	2	158	149	p38_i02_158x149.png
163	38	3	162	157	p38_i03_162x157.jpg
164	38	4	1800	1200	p38_i04_1800x1200.jpg
165	39	1	1800	1200	p39_i01_1800x1200.jpg
166	39	2	1800	1200	p39_i02_1800x1200.jpg
167	39	3	210	156	p39_i03_210x156.jpg
168	39	4	188	141	p39_i04_188x141.jpg
169	40	1	1800	1200	p40_i01_1800x1200.jpg
170	40	2	1800	1200	p40_i02_1800x1200.jpg
171	41	1	1800	1200	p41_i01_1800x1200.jpg
172	41	2	1800	1200	p41_i02_1800x1200.jpg
173	42	1	1800	1200	p42_i01_1800x1200.jpg
174	42	2	1800	1200	p42_i02_1800x1200.jpg
175	43	1	1800	1200	p43_i01_1800x1200.jpg
176	43	2	154	161	p43_i02_154x161.jpg
177	43	3	206	202	p43_i03_206x202.png
178	43	4	1800	1200	p43_i04_1800x1200.jpg
179	44	1	1800	1200	p44_i01_1800x1200.jpg
180	44	3	142	141	p44_i03_142x141.png
181	44	4	1800	1200	p44_i04_1800x1200.jpg
182	44	5	145	145	p44_i05_145x145.jpg
183	44	6	175	189	p44_i06_175x189.png
184	45	1	1800	1200	p45_i01_1800x1200.jpg
185	45	2	157	164	p45_i02_157x164.png
186	45	3	177	156	p45_i03_177x156.png
187	45	4	1800	1200	p45_i04_1800x1200.jpg
188	45	5	173	158	p45_i05_173x158.png
189	45	6	160	149	p45_i06_160x149.png
190	46	1	1800	1200	p46_i01_1800x1200.jpg
191	46	2	190	141	p46_i02_190x141.png
192	46	3	1800	1200	p46_i03_1800x1200.jpg
193	46	4	158	174	p46_i04_158x174.png
194	46	5	183	181	p46_i05_183x181.png
195	47	1	1800	1200	p47_i01_1800x1200.jpg
196	47	2	1800	1200	p47_i02_1800x1200.png
197	47	3	1800	1200	p47_i03_1800x1200.jpg
198	47	4	1800	1200	p47_i04_1800x1200.png
199	47	5	1800	161	p47_i05_1800x161.jpg
200	47	6	1800	161	p47_i06_1800x161.png
201	48	1	1800	1200	p48_i01_1800x1200.jpg
202	48	2	1800	332	p48_i02_1800x332.jpg
203	48	3	1800	1200	p48_i03_1800x1200.jpg
204	48	4	1800	365	p48_i04_1800x365.jpg
205	49	1	1800	1200	p49_i01_1800x1200.jpg
206	49	2	1800	1200	p49_i02_1800x1200.jpg
207	49	3	1800	308	p49_i03_1800x308.jpg
208	50	1	1800	1200	p50_i01_1800x1200.jpg
209	50	7	1800	1200	p50_i07_1800x1200.jpg
210	50	8	1800	260	p50_i08_1800x260.jpg
211	51	1	1800	1200	p51_i01_1800x1200.jpg
212	51	2	432	178	p51_i02_432x178.png
213	51	3	1800	1200	p51_i03_1800x1200.jpg
214	51	4	550	229	p51_i04_550x229.png
215	52	1	1800	1200	p52_i01_1800x1200.jpg
216	52	2	584	199	p52_i02_584x199.png
217	52	3	1800	1200	p52_i03_1800x1200.jpg
218	52	4	529	388	p52_i04_529x388.png
219	53	1	1800	1200	p53_i01_1800x1200.jpg
220	53	2	1800	403	p53_i02_1800x403.jpg
221	53	3	1800	1200	p53_i03_1800x1200.jpg
222	53	4	1800	228	p53_i04_1800x228.jpg
223	54	1	1800	1200	p54_i01_1800x1200.jpg
224	54	2	1800	1200	p54_i02_1800x1200.jpg
225	55	1	1800	1200	p55_i01_1800x1200.jpg
226	55	2	1800	1200	p55_i02_1800x1200.jpg
227	56	1	1800	1200	p56_i01_1800x1200.jpg
228	56	2	1800	1200	p56_i02_1800x1200.jpg
229	57	1	1800	1200	p57_i01_1800x1200.jpg
230	57	2	1800	1200	p57_i02_1800x1200.jpg
231	58	1	1800	1200	p58_i01_1800x1200.jpg
232	58	2	1800	1200	p58_i02_1800x1200.jpg
233	59	1	1800	1200	p59_i01_1800x1200.jpg
234	59	2	1800	1200	p59_i02_1800x1200.jpg
235	59	3	1800	209	p59_i03_1800x209.jpg
236	60	1	1800	1200	p60_i01_1800x1200.jpg
237	60	2	1800	300	p60_i02_1800x300.jpg
238	60	3	1800	1200	p60_i03_1800x1200.jpg
239	61	1	1800	1200	p61_i01_1800x1200.jpg
240	61	2	1800	1200	p61_i02_1800x1200.jpg
241	62	1	1800	1200	p62_i01_1800x1200.jpg
242	62	2	1800	1200	p62_i02_1800x1200.jpg
243	63	1	1800	1200	p63_i01_1800x1200.jpg
244	63	2	1800	1200	p63_i02_1800x1200.jpg
245	63	3	1800	254	p63_i03_1800x254.jpg
